Date;t3year;t3month;g3Y;g3m;Spread;spreadavg
01/04/1953;2.51;2.19;;;-0.14;
01/05/1953;2.72;2.16;0.08;-0.01;-0.23;
01/06/1953;2.74;2.11;0.01;-0.02;-0.26;-0.21
01/07/1953;2.62;2.04;-0.04;-0.03;-0.25;-0.25
01/08/1953;2.58;2.04;-0.02;0;-0.23;-0.25
01/09/1953;2.56;1.79;-0.01;-0.13;-0.36;-0.28
01/10/1953;2.23;1.38;-0.14;-0.26;-0.48;-0.36
01/11/1953;2.2;1.44;-0.01;0.04;-0.42;-0.42
01/12/1953;2.07;1.6;-0.06;0.11;-0.26;-0.39
01/01/1954;1.89;1.18;-0.09;-0.3;-0.47;-0.38
01/02/1954;1.63;0.97;-0.15;-0.2;-0.52;-0.42
01/03/1954;1.59;1.03;-0.02;0.06;-0.43;-0.47
01/04/1954;1.54;0.97;-0.03;-0.06;-0.46;-0.47
01/05/1954;1.56;0.76;0.01;-0.24;-0.72;-0.54
01/06/1954;1.53;0.64;-0.02;-0.17;-0.87;-0.68
01/07/1954;1.47;0.72;-0.04;0.12;-0.71;-0.77
01/08/1954;1.49;0.92;0.01;0.25;-0.48;-0.69
01/09/1954;1.6;1.01;0.07;0.09;-0.46;-0.55
01/10/1954;1.72;0.98;0.07;-0.03;-0.56;-0.50
01/11/1954;1.75;0.93;0.02;-0.05;-0.63;-0.55
01/12/1954;1.81;1.15;0.03;0.21;-0.45;-0.55
01/01/1955;1.99;1.22;0.09;0.06;-0.49;-0.53
01/02/1955;2.12;1.17;0.06;-0.04;-0.59;-0.51
01/03/1955;2.26;1.28;0.06;0.09;-0.57;-0.55
01/04/1955;2.37;1.59;0.05;0.22;-0.40;-0.52
01/05/1955;2.37;1.45;0;-0.09;-0.49;-0.49
01/06/1955;2.39;1.41;0.01;-0.03;-0.53;-0.47
01/07/1955;2.51;1.6;0.05;0.13;-0.45;-0.49
01/08/1955;2.72;1.9;0.08;0.17;-0.36;-0.45
01/09/1955;2.69;2.07;-0.01;0.09;-0.26;-0.36
01/10/1955;2.62;2.23;-0.03;0.07;-0.16;-0.26
01/11/1955;2.73;2.24;0.04;0;-0.20;-0.21
01/12/1955;2.88;2.54;0.05;0.13;-0.13;-0.16
01/01/1956;2.78;2.41;-0.04;-0.05;-0.14;-0.16
01/02/1956;2.67;2.32;-0.04;-0.04;-0.14;-0.14
01/03/1956;2.89;2.25;0.08;-0.03;-0.25;-0.18
01/04/1956;3.19;2.6;0.1;0.14;-0.20;-0.20
01/05/1956;3.08;2.61;-0.04;0;-0.17;-0.21
01/06/1956;2.95;2.49;-0.04;-0.05;-0.17;-0.18
01/07/1956;3.06;2.31;0.04;-0.08;-0.28;-0.21
01/08/1956;3.39;2.6;0.1;0.12;-0.27;-0.24
01/09/1956;3.5;2.84;0.03;0.09;-0.21;-0.25
01/10/1956;3.4;2.9;-0.03;0.02;-0.16;-0.21
01/11/1956;3.57;2.99;0.05;0.03;-0.18;-0.18
01/12/1956;3.76;3.21;0.05;0.07;-0.16;-0.16
01/01/1957;3.46;3.11;-0.08;-0.03;-0.11;-0.15
01/02/1957;3.42;3.1;-0.01;0;-0.10;-0.12
01/03/1957;3.47;3.08;0.01;-0.01;-0.12;-0.11
01/04/1957;3.53;3.07;0.02;0;-0.14;-0.12
01/05/1957;3.61;3.06;0.02;0;-0.17;-0.14
01/06/1957;3.8;3.29;0.05;0.07;-0.14;-0.15
01/07/1957;3.96;3.16;0.04;-0.04;-0.23;-0.18
01/08/1957;4.02;3.37;0.02;0.06;-0.18;-0.18
01/09/1957;4.06;3.53;0.01;0.05;-0.14;-0.18
01/10/1957;4.09;3.58;0.01;0.01;-0.13;-0.15
01/11/1957;3.7;3.31;-0.1;-0.08;-0.11;-0.13
01/12/1957;3.11;3.04;-0.17;-0.09;-0.02;-0.09
01/01/1958;2.78;2.44;-0.11;-0.22;-0.13;-0.09
01/02/1958;2.58;1.53;-0.07;-0.47;-0.52;-0.23
01/03/1958;2.4;1.3;-0.07;-0.16;-0.61;-0.42
01/04/1958;2.15;1.13;-0.11;-0.14;-0.64;-0.59
01/05/1958;2.07;0.91;-0.04;-0.22;-0.82;-0.69
01/06/1958;2.08;0.83;0;-0.09;-0.92;-0.79
01/07/1958;2.42;0.91;0.15;0.09;-0.98;-0.91
01/08/1958;3.06;1.69;0.23;0.62;-0.59;-0.83
01/09/1958;3.52;2.44;0.14;0.37;-0.37;-0.65
01/10/1958;3.67;2.63;0.04;0.07;-0.33;-0.43
01/11/1958;3.6;2.67;-0.02;0.02;-0.30;-0.33
01/12/1958;3.72;2.77;0.03;0.04;-0.29;-0.31
01/01/1959;3.91;2.82;0.05;0.02;-0.33;-0.31
01/02/1959;3.92;2.7;0;-0.04;-0.37;-0.33
01/03/1959;3.97;2.8;0.01;0.04;-0.35;-0.35
01/04/1959;4.03;2.95;0.02;0.05;-0.31;-0.34
01/05/1959;4.25;2.84;0.05;-0.04;-0.40;-0.35
01/06/1959;4.52;3.21;0.06;0.12;-0.34;-0.35
01/07/1959;4.6;3.2;0.02;0;-0.36;-0.37
01/08/1959;4.6;3.38;0;0.05;-0.31;-0.34
01/09/1959;4.97;4.04;0.08;0.18;-0.21;-0.29
01/10/1959;4.78;4.05;-0.04;0;-0.17;-0.23
01/11/1959;4.85;4.15;0.01;0.02;-0.16;-0.18
01/12/1959;5.12;4.49;0.05;0.08;-0.13;-0.15
01/01/1960;4.99;4.35;-0.03;-0.03;-0.14;-0.14
01/02/1960;4.73;3.96;-0.05;-0.09;-0.18;-0.15
01/03/1960;4.29;3.31;-0.1;-0.18;-0.26;-0.19
01/04/1960;4.27;3.23;0;-0.02;-0.28;-0.24
01/05/1960;4.46;3.29;0.04;0.02;-0.30;-0.28
01/06/1960;4.01;2.46;-0.11;-0.29;-0.49;-0.36
01/07/1960;3.63;2.3;-0.1;-0.07;-0.46;-0.42
01/08/1960;3.41;2.3;-0.06;0;-0.39;-0.45
01/09/1960;3.43;2.48;0.01;0.08;-0.32;-0.39
01/10/1960;3.53;2.3;0.03;-0.08;-0.43;-0.38
01/11/1960;3.6;2.37;0.02;0.03;-0.42;-0.39
01/12/1960;3.42;2.25;-0.05;-0.05;-0.42;-0.42
01/01/1961;3.39;2.24;-0.01;0;-0.41;-0.42
01/02/1961;3.46;2.42;0.02;0.08;-0.36;-0.40
01/03/1961;3.35;2.39;-0.03;-0.01;-0.34;-0.37
01/04/1961;3.33;2.29;-0.01;-0.04;-0.37;-0.36
01/05/1961;3.23;2.29;-0.03;0;-0.34;-0.35
01/06/1961;3.63;2.33;0.12;0.02;-0.44;-0.39
01/07/1961;3.59;2.24;-0.01;-0.04;-0.47;-0.42
01/08/1961;3.76;2.39;0.05;0.06;-0.45;-0.46
01/09/1961;3.73;2.28;-0.01;-0.05;-0.49;-0.47
01/10/1961;3.62;2.3;-0.03;0.01;-0.45;-0.47
01/11/1961;3.61;2.48;0;0.08;-0.38;-0.44
01/12/1961;3.72;2.6;0.03;0.05;-0.36;-0.40
01/01/1962;3.76;2.72;0.01;0.05;-0.32;-0.35
01/02/1962;3.69;2.73;-0.02;0;-0.30;-0.33
01/03/1962;3.45;2.72;-0.07;0;-0.24;-0.29
01/04/1962;3.38;2.73;-0.02;0;-0.21;-0.25
01/05/1962;3.4;2.69;0.01;-0.01;-0.23;-0.23
01/06/1962;3.39;2.73;0;0.01;-0.22;-0.22
01/07/1962;3.62;2.92;0.07;0.07;-0.21;-0.22
01/08/1962;3.46;2.82;-0.05;-0.03;-0.20;-0.21
01/09/1962;3.41;2.78;-0.01;-0.01;-0.20;-0.21
01/10/1962;3.33;2.74;-0.02;-0.01;-0.20;-0.20
01/11/1962;3.4;2.83;0.02;0.03;-0.18;-0.19
01/12/1962;3.37;2.87;-0.01;0.01;-0.16;-0.18
01/01/1963;3.4;2.91;0.01;0.01;-0.16;-0.17
01/02/1963;3.39;2.92;0;0;-0.15;-0.16
01/03/1963;3.41;2.89;0.01;-0.01;-0.17;-0.16
01/04/1963;3.5;2.9;0.03;0;-0.19;-0.17
01/05/1963;3.54;2.93;0.01;0.01;-0.19;-0.18
01/06/1963;3.61;2.99;0.02;0.02;-0.19;-0.19
01/07/1963;3.76;3.18;0.04;0.06;-0.17;-0.18
01/08/1963;3.77;3.32;0;0.04;-0.13;-0.16
01/09/1963;3.82;3.38;0.01;0.02;-0.12;-0.14
01/10/1963;3.87;3.45;0.01;0.02;-0.11;-0.12
01/11/1963;3.95;3.52;0.02;0.02;-0.12;-0.12
01/12/1963;4.01;3.52;0.02;0;-0.13;-0.12
01/01/1964;4.04;3.52;0.01;0;-0.14;-0.13
01/02/1964;4;3.53;-0.01;0;-0.12;-0.13
01/03/1964;4.12;3.54;0.03;0;-0.15;-0.14
01/04/1964;4.15;3.47;0.01;-0.02;-0.18;-0.15
01/05/1964;4.04;3.48;-0.03;0;-0.15;-0.16
01/06/1964;4.01;3.48;-0.01;0;-0.14;-0.16
01/07/1964;3.93;3.46;-0.02;-0.01;-0.13;-0.14
01/08/1964;3.93;3.5;0;0.01;-0.12;-0.13
01/09/1964;4.01;3.53;0.02;0.01;-0.13;-0.12
01/10/1964;4.02;3.57;0;0.01;-0.12;-0.12
01/11/1964;4.04;3.64;0;0.02;-0.10;-0.12
01/12/1964;4.08;3.84;0.01;0.05;-0.06;-0.09
01/01/1965;4.03;3.81;-0.01;-0.01;-0.06;-0.07
01/02/1965;4.08;3.93;0.01;0.03;-0.04;-0.05
01/03/1965;4.13;3.93;0.01;0;-0.05;-0.05
01/04/1965;4.12;3.93;0;0;-0.05;-0.04
01/05/1965;4.11;3.89;0;-0.01;-0.06;-0.05
01/06/1965;4.08;3.8;-0.01;-0.02;-0.07;-0.06
01/07/1965;4.09;3.84;0;0.01;-0.06;-0.06
01/08/1965;4.16;3.84;0.02;0;-0.08;-0.07
01/09/1965;4.24;3.92;0.02;0.02;-0.08;-0.07
01/10/1965;4.33;4.03;0.02;0.03;-0.07;-0.08
01/11/1965;4.45;4.09;0.03;0.01;-0.08;-0.08
01/12/1965;4.79;4.38;0.07;0.07;-0.09;-0.08
01/01/1966;4.9;4.59;0.02;0.05;-0.07;-0.08
01/02/1966;5.02;4.65;0.02;0.01;-0.08;-0.08
01/03/1966;4.97;4.59;-0.01;-0.01;-0.08;-0.07
01/04/1966;4.89;4.62;-0.02;0.01;-0.06;-0.07
01/05/1966;5;4.64;0.02;0;-0.07;-0.07
01/06/1966;5.05;4.5;0.01;-0.03;-0.12;-0.08
01/07/1966;5.26;4.8;0.04;0.06;-0.09;-0.09
01/08/1966;5.68;4.96;0.08;0.03;-0.14;-0.11
01/09/1966;5.79;5.37;0.02;0.08;-0.08;-0.10
01/10/1966;5.48;5.35;-0.06;0;-0.02;-0.08
01/11/1966;5.53;5.32;0.01;-0.01;-0.04;-0.05
01/12/1966;5.19;4.96;-0.06;-0.07;-0.05;-0.04
01/01/1967;4.75;4.72;-0.09;-0.05;-0.01;-0.03
01/02/1967;4.73;4.56;0;-0.03;-0.04;-0.03
01/03/1967;4.47;4.26;-0.06;-0.07;-0.05;-0.03
01/04/1967;4.38;3.84;-0.02;-0.1;-0.13;-0.07
01/05/1967;4.61;3.6;0.05;-0.06;-0.25;-0.14
01/06/1967;4.89;3.54;0.06;-0.02;-0.32;-0.23
01/07/1967;5.06;4.21;0.03;0.17;-0.18;-0.25
01/08/1967;5.23;4.27;0.03;0.01;-0.20;-0.24
01/09/1967;5.41;4.42;0.03;0.03;-0.20;-0.20
01/10/1967;5.52;4.56;0.02;0.03;-0.19;-0.20
01/11/1967;5.71;4.73;0.03;0.04;-0.19;-0.19
01/12/1967;5.71;4.97;0;0.05;-0.14;-0.17
01/01/1968;5.53;5;-0.03;0.01;-0.10;-0.14
01/02/1968;5.61;4.98;0.01;0;-0.12;-0.12
01/03/1968;5.8;5.17;0.03;0.04;-0.11;-0.11
01/04/1968;5.75;5.38;-0.01;0.04;-0.07;-0.10
01/05/1968;6.11;5.66;0.06;0.05;-0.08;-0.09
01/06/1968;5.82;5.52;-0.05;-0.03;-0.05;-0.07
01/07/1968;5.54;5.31;-0.05;-0.04;-0.04;-0.06
01/08/1968;5.42;5.09;-0.02;-0.04;-0.06;-0.05
01/09/1968;5.39;5.19;-0.01;0.02;-0.04;-0.05
01/10/1968;5.52;5.35;0.02;0.03;-0.03;-0.04
01/11/1968;5.57;5.45;0.01;0.02;-0.02;-0.03
01/12/1968;6.16;5.96;0.1;0.09;-0.03;-0.03
01/01/1969;6.22;6.14;0.01;0.03;-0.01;-0.02
01/02/1969;6.32;6.12;0.02;0;-0.03;-0.03
01/03/1969;6.38;6.02;0.01;-0.02;-0.06;-0.03
01/04/1969;6.25;6.11;-0.02;0.01;-0.02;-0.04
01/05/1969;6.51;6.04;0.04;-0.01;-0.07;-0.05
01/06/1969;6.83;6.44;0.05;0.06;-0.06;-0.05
01/07/1969;7.31;7;0.07;0.08;-0.04;-0.06
01/08/1969;7.29;6.98;0;0;-0.04;-0.05
01/09/1969;7.77;7.09;0.06;0.02;-0.09;-0.06
01/10/1969;7.57;7;-0.03;-0.01;-0.08;-0.07
01/11/1969;7.65;7.24;0.01;0.03;-0.06;-0.07
01/12/1969;8.1;7.82;0.06;0.08;-0.04;-0.06
01/01/1970;8.24;7.87;0.02;0.01;-0.05;-0.05
01/02/1970;7.79;7.13;-0.06;-0.1;-0.09;-0.06
01/03/1970;7.15;6.63;-0.09;-0.07;-0.08;-0.07
01/04/1970;7.39;6.51;0.03;-0.02;-0.13;-0.10
01/05/1970;7.94;6.84;0.07;0.05;-0.15;-0.12
01/06/1970;7.84;6.68;-0.01;-0.02;-0.16;-0.15
01/07/1970;7.56;6.45;-0.04;-0.04;-0.16;-0.16
01/08/1970;7.46;6.41;-0.01;-0.01;-0.15;-0.16
01/09/1970;7.11;6.12;-0.05;-0.05;-0.15;-0.15
01/10/1970;6.96;5.91;-0.02;-0.03;-0.16;-0.16
01/11/1970;6.25;5.28;-0.11;-0.11;-0.17;-0.16
01/12/1970;5.75;4.87;-0.08;-0.08;-0.17;-0.17
01/01/1971;5.61;4.44;-0.02;-0.09;-0.23;-0.19
01/02/1971;5.07;3.7;-0.1;-0.18;-0.32;-0.24
01/03/1971;4.5;3.38;-0.12;-0.09;-0.29;-0.28
01/04/1971;5.22;3.86;0.15;0.13;-0.30;-0.30
01/05/1971;5.97;4.14;0.13;0.07;-0.37;-0.32
01/06/1971;6.32;4.75;0.06;0.14;-0.29;-0.32
01/07/1971;6.74;5.4;0.06;0.13;-0.22;-0.29
01/08/1971;6.35;4.94;-0.06;-0.09;-0.25;-0.25
01/09/1971;5.89;4.69;-0.08;-0.05;-0.23;-0.23
01/10/1971;5.56;4.46;-0.06;-0.05;-0.22;-0.23
01/11/1971;5.35;4.22;-0.04;-0.06;-0.24;-0.23
01/12/1971;5.27;4.01;-0.02;-0.05;-0.27;-0.24
01/01/1972;5.14;3.38;-0.02;-0.17;-0.42;-0.31
01/02/1972;5.25;3.2;0.02;-0.05;-0.50;-0.40
01/03/1972;5.56;3.73;0.06;0.15;-0.40;-0.44
01/04/1972;5.88;3.71;0.06;-0.01;-0.46;-0.45
01/05/1972;5.55;3.69;-0.06;-0.01;-0.41;-0.42
01/06/1972;5.64;3.91;0.02;0.06;-0.37;-0.41
01/07/1972;5.78;3.98;0.02;0.02;-0.37;-0.38
01/08/1972;5.79;4.02;0;0.01;-0.36;-0.37
01/09/1972;6.06;4.66;0.05;0.15;-0.26;-0.33
01/10/1972;6.05;4.74;0;0.02;-0.24;-0.29
01/11/1972;5.94;4.78;-0.02;0.01;-0.22;-0.24
01/12/1972;6.01;5.07;0.01;0.06;-0.17;-0.21
01/01/1973;6.27;5.41;0.04;0.06;-0.15;-0.18
01/02/1973;6.58;5.6;0.05;0.03;-0.16;-0.16
01/03/1973;6.86;6.09;0.04;0.08;-0.12;-0.14
01/04/1973;6.78;6.26;-0.01;0.03;-0.08;-0.12
01/05/1973;6.83;6.36;0.01;0.02;-0.07;-0.09
01/06/1973;6.84;7.19;0;0.12;0.05;-0.03
01/07/1973;7.54;8.01;0.1;0.11;0.06;0.01
01/08/1973;7.89;8.67;0.05;0.08;0.09;0.07
01/09/1973;7.25;8.29;-0.08;-0.04;0.13;0.10
01/10/1973;6.81;7.22;-0.06;-0.14;0.06;0.10
01/11/1973;7;7.83;0.03;0.08;0.11;0.10
01/12/1973;6.81;7.45;-0.03;-0.05;0.09;0.09
01/01/1974;6.96;7.77;0.02;0.04;0.11;0.10
01/02/1974;6.76;7.12;-0.03;-0.09;0.05;0.08
01/03/1974;7.35;7.96;0.08;0.11;0.08;0.08
01/04/1974;8.05;8.33;0.09;0.05;0.03;0.06
01/05/1974;8.27;8.23;0.03;-0.01;0.00;0.04
01/06/1974;8.15;7.9;-0.01;-0.04;-0.03;0.00
01/07/1974;8.41;7.55;0.03;-0.05;-0.11;-0.05
01/08/1974;8.66;8.96;0.03;0.17;0.03;-0.03
01/09/1974;8.41;8.06;-0.03;-0.11;-0.04;-0.04
01/10/1974;8;7.46;-0.05;-0.08;-0.07;-0.03
01/11/1974;7.61;7.47;-0.05;0;-0.02;-0.04
01/12/1974;7.24;7.15;-0.05;-0.04;-0.01;-0.03
01/01/1975;7.23;6.26;0;-0.13;-0.14;-0.06
01/02/1975;6.65;5.5;-0.08;-0.13;-0.19;-0.12
01/03/1975;6.81;5.49;0.02;0;-0.22;-0.18
01/04/1975;7.76;5.61;0.13;0.02;-0.32;-0.24
01/05/1975;7.39;5.23;-0.05;-0.07;-0.35;-0.30
01/06/1975;7.17;5.34;-0.03;0.02;-0.29;-0.32
01/07/1975;7.72;6.13;0.07;0.14;-0.23;-0.29
01/08/1975;8.16;6.44;0.06;0.05;-0.24;-0.25
01/09/1975;8.29;6.42;0.02;0;-0.26;-0.24
01/10/1975;7.81;5.96;-0.06;-0.07;-0.27;-0.25
01/11/1975;7.46;5.48;-0.05;-0.08;-0.31;-0.28
01/12/1975;7.43;5.44;0;-0.01;-0.31;-0.30
01/01/1976;6.99;4.87;-0.06;-0.11;-0.36;-0.33
01/02/1976;7.06;4.88;0.01;0;-0.37;-0.35
01/03/1976;7.13;5;0.01;0.02;-0.35;-0.36
01/04/1976;6.84;4.86;-0.04;-0.03;-0.34;-0.36
01/05/1976;7.27;5.2;0.06;0.07;-0.34;-0.34
01/06/1976;7.31;5.41;0.01;0.04;-0.30;-0.33
01/07/1976;7.12;5.23;-0.03;-0.03;-0.31;-0.31
01/08/1976;6.86;5.14;-0.04;-0.02;-0.29;-0.30
01/09/1976;6.66;5.08;-0.03;-0.01;-0.27;-0.29
01/10/1976;6.24;4.92;-0.07;-0.03;-0.24;-0.27
01/11/1976;6.09;4.75;-0.02;-0.04;-0.25;-0.25
01/12/1976;5.68;4.35;-0.07;-0.09;-0.27;-0.25
01/01/1977;6.22;4.62;0.09;0.06;-0.30;-0.27
01/02/1977;6.44;4.67;0.03;0.01;-0.32;-0.30
01/03/1977;6.47;4.6;0;-0.02;-0.34;-0.32
01/04/1977;6.31;4.54;-0.03;-0.01;-0.33;-0.33
01/05/1977;6.55;4.96;0.04;0.09;-0.28;-0.32
01/06/1977;6.39;5.02;-0.02;0.01;-0.24;-0.28
01/07/1977;6.51;5.19;0.02;0.03;-0.23;-0.25
01/08/1977;6.79;5.49;0.04;0.06;-0.21;-0.23
01/09/1977;6.84;5.81;0.01;0.06;-0.16;-0.20
01/10/1977;7.19;6.16;0.05;0.06;-0.15;-0.18
01/11/1977;7.22;6.1;0;-0.01;-0.17;-0.16
01/12/1977;7.3;6.07;0.01;0;-0.18;-0.17
01/01/1978;7.61;6.44;0.04;0.06;-0.17;-0.17
01/02/1978;7.67;6.45;0.01;0;-0.17;-0.17
01/03/1978;7.7;6.29;0;-0.03;-0.20;-0.18
01/04/1978;7.85;6.29;0.02;0;-0.22;-0.20
01/05/1978;8.07;6.41;0.03;0.02;-0.23;-0.22
01/06/1978;8.3;6.73;0.03;0.05;-0.21;-0.22
01/07/1978;8.54;7.01;0.03;0.04;-0.20;-0.21
01/08/1978;8.33;7.08;-0.02;0.01;-0.16;-0.19
01/09/1978;8.41;7.85;0.01;0.1;-0.07;-0.14
01/10/1978;8.62;7.99;0.02;0.02;-0.08;-0.10
01/11/1978;9.04;8.64;0.05;0.08;-0.05;-0.06
01/12/1978;9.33;9.08;0.03;0.05;-0.03;-0.05
01/01/1979;9.5;9.35;0.02;0.03;-0.02;-0.03
01/02/1979;9.29;9.32;-0.02;0;0.00;-0.01
01/03/1979;9.38;9.48;0.01;0.02;0.01;0.00
01/04/1979;9.43;9.46;0.01;0;0.00;0.01
01/05/1979;9.42;9.61;0;0.02;0.02;0.01
01/06/1979;8.95;9.06;-0.05;-0.06;0.01;0.01
01/07/1979;8.94;9.24;0;0.02;0.03;0.02
01/08/1979;9.14;9.52;0.02;0.03;0.04;0.03
01/09/1979;9.69;10.26;0.06;0.07;0.06;0.04
01/10/1979;10.95;11.7;0.12;0.13;0.07;0.05
01/11/1979;11.18;11.79;0.02;0.01;0.05;0.06
01/12/1979;10.71;12.04;-0.04;0.02;0.12;0.08
01/01/1980;10.88;12;0.02;0;0.10;0.09
01/02/1980;12.84;12.86;0.17;0.07;0.00;0.07
01/03/1980;14.05;15.2;0.09;0.17;0.08;0.06
01/04/1980;12.02;13.2;-0.16;-0.14;0.09;0.06
01/05/1980;9.44;8.58;-0.24;-0.43;-0.10;0.03
01/06/1980;8.91;7.07;-0.06;-0.19;-0.23;-0.08
01/07/1980;9.27;8.06;0.04;0.13;-0.14;-0.16
01/08/1980;10.63;9.13;0.14;0.12;-0.15;-0.17
01/09/1980;11.57;10.27;0.08;0.12;-0.12;-0.14
01/10/1980;12.01;11.62;0.04;0.12;-0.03;-0.10
01/11/1980;13.31;13.73;0.1;0.17;0.03;-0.04
01/12/1980;13.65;15.49;0.03;0.12;0.13;0.04
01/01/1981;13.01;15.02;-0.05;-0.03;0.14;0.10
01/02/1981;13.65;14.79;0.05;-0.02;0.08;0.12
01/03/1981;13.51;13.36;-0.01;-0.1;-0.01;0.07
01/04/1981;14.09;13.69;0.04;0.02;-0.03;0.01
01/05/1981;15.08;16.3;0.07;0.17;0.08;0.01
01/06/1981;14.29;14.73;-0.05;-0.1;0.03;0.03
01/07/1981;15.15;14.95;0.06;0.01;-0.01;0.03
01/08/1981;16;15.51;0.05;0.04;-0.03;0.00
01/09/1981;16.22;14.7;0.01;-0.05;-0.10;-0.05
01/10/1981;15.5;13.54;-0.05;-0.08;-0.14;-0.09
01/11/1981;13.11;10.86;-0.17;-0.22;-0.19;-0.14
01/12/1981;13.66;10.85;0.04;0;-0.23;-0.18
01/01/1982;14.64;12.28;0.07;0.12;-0.18;-0.20
01/02/1982;14.73;13.48;0.01;0.09;-0.09;-0.16
01/03/1982;14.13;12.68;-0.04;-0.06;-0.11;-0.12
01/04/1982;14.18;12.7;0;0;-0.11;-0.10
01/05/1982;13.77;12.09;-0.03;-0.05;-0.13;-0.12
01/06/1982;14.48;12.47;0.05;0.03;-0.15;-0.13
01/07/1982;14;11.35;-0.03;-0.09;-0.21;-0.16
01/08/1982;12.62;8.68;-0.1;-0.27;-0.37;-0.24
01/09/1982;12.03;7.92;-0.05;-0.09;-0.42;-0.33
01/10/1982;10.62;7.71;-0.12;-0.03;-0.32;-0.37
01/11/1982;9.98;8.07;-0.06;0.05;-0.21;-0.32
01/12/1982;9.88;7.94;-0.01;-0.02;-0.22;-0.25
01/01/1983;9.64;7.86;-0.02;-0.01;-0.20;-0.21
01/02/1983;9.91;8.11;0.03;0.03;-0.20;-0.21
01/03/1983;9.84;8.35;-0.01;0.03;-0.16;-0.19
01/04/1983;9.76;8.21;-0.01;-0.02;-0.17;-0.18
01/05/1983;9.66;8.19;-0.01;0;-0.17;-0.17
01/06/1983;10.32;8.79;0.07;0.07;-0.16;-0.17
01/07/1983;10.9;9.08;0.05;0.03;-0.18;-0.17
01/08/1983;11.3;9.34;0.04;0.03;-0.19;-0.18
01/09/1983;11.07;9;-0.02;-0.04;-0.21;-0.19
01/10/1983;10.87;8.64;-0.02;-0.04;-0.23;-0.21
01/11/1983;10.96;8.76;0.01;0.01;-0.22;-0.22
01/12/1983;11.13;9;0.02;0.03;-0.21;-0.22
01/01/1984;10.93;8.9;-0.02;-0.01;-0.21;-0.21
01/02/1984;11.05;9.09;0.01;0.02;-0.20;-0.20
01/03/1984;11.59;9.52;0.05;0.05;-0.20;-0.20
01/04/1984;11.98;9.69;0.03;0.02;-0.21;-0.20
01/05/1984;12.75;9.83;0.06;0.01;-0.26;-0.22
01/06/1984;13.18;9.87;0.03;0;-0.29;-0.25
01/07/1984;13.08;10.12;-0.01;0.03;-0.26;-0.27
01/08/1984;12.5;10.47;-0.05;0.03;-0.18;-0.24
01/09/1984;12.34;10.37;-0.01;-0.01;-0.17;-0.20
01/10/1984;11.85;9.74;-0.04;-0.06;-0.20;-0.18
01/11/1984;10.9;8.61;-0.08;-0.12;-0.24;-0.20
01/12/1984;10.56;8.06;-0.03;-0.07;-0.27;-0.23
01/01/1985;10.43;7.76;-0.01;-0.04;-0.30;-0.27
01/02/1985;10.55;8.27;0.01;0.06;-0.24;-0.27
01/03/1985;11.05;8.52;0.05;0.03;-0.26;-0.27
01/04/1985;10.49;7.95;-0.05;-0.07;-0.28;-0.26
01/05/1985;9.75;7.48;-0.07;-0.06;-0.27;-0.27
01/06/1985;9.05;6.95;-0.07;-0.07;-0.26;-0.27
01/07/1985;9.18;7.08;0.01;0.02;-0.26;-0.26
01/08/1985;9.31;7.14;0.01;0.01;-0.27;-0.26
01/09/1985;9.37;7.1;0.01;-0.01;-0.28;-0.27
01/10/1985;9.25;7.16;-0.01;0.01;-0.26;-0.27
01/11/1985;8.88;7.24;-0.04;0.01;-0.20;-0.25
01/12/1985;8.4;7.1;-0.06;-0.02;-0.17;-0.21
01/01/1986;8.41;7.07;0;0;-0.17;-0.18
01/02/1986;8.1;7.06;-0.04;0;-0.14;-0.16
01/03/1986;7.3;6.56;-0.1;-0.07;-0.11;-0.14
01/04/1986;6.86;6.06;-0.06;-0.08;-0.12;-0.12
01/05/1986;7.27;6.15;0.06;0.01;-0.17;-0.13
01/06/1986;7.41;6.21;0.02;0.01;-0.18;-0.16
01/07/1986;6.86;5.83;-0.08;-0.06;-0.16;-0.17
01/08/1986;6.49;5.53;-0.06;-0.05;-0.16;-0.17
01/09/1986;6.62;5.21;0.02;-0.06;-0.24;-0.19
01/10/1986;6.56;5.18;-0.01;-0.01;-0.24;-0.21
01/11/1986;6.46;5.35;-0.02;0.03;-0.19;-0.22
01/12/1986;6.43;5.53;0;0.03;-0.15;-0.19
01/01/1987;6.41;5.43;0;-0.02;-0.17;-0.17
01/02/1987;6.56;5.59;0.02;0.03;-0.16;-0.16
01/03/1987;6.58;5.59;0;0;-0.16;-0.16
01/04/1987;7.32;5.64;0.11;0.01;-0.26;-0.19
01/05/1987;8.02;5.66;0.09;0;-0.35;-0.26
01/06/1987;7.82;5.67;-0.03;0;-0.32;-0.31
01/07/1987;7.74;5.69;-0.01;0;-0.31;-0.33
01/08/1987;8.03;6.04;0.04;0.06;-0.28;-0.30
01/09/1987;8.67;6.4;0.08;0.06;-0.30;-0.30
01/10/1987;8.75;6.13;0.01;-0.04;-0.36;-0.31
01/11/1987;7.99;5.69;-0.09;-0.07;-0.34;-0.33
01/12/1987;8.13;5.77;0.02;0.01;-0.34;-0.35
01/01/1988;7.87;5.81;-0.03;0.01;-0.30;-0.33
01/02/1988;7.38;5.66;-0.06;-0.03;-0.27;-0.30
01/03/1988;7.5;5.7;0.02;0.01;-0.27;-0.28
01/04/1988;7.83;5.91;0.04;0.04;-0.28;-0.27
01/05/1988;8.24;6.26;0.05;0.06;-0.27;-0.28
01/06/1988;8.22;6.46;0;0.03;-0.24;-0.27
01/07/1988;8.44;6.73;0.03;0.04;-0.23;-0.25
01/08/1988;8.77;7.06;0.04;0.05;-0.22;-0.23
01/09/1988;8.57;7.24;-0.02;0.03;-0.17;-0.20
01/10/1988;8.43;7.35;-0.02;0.02;-0.14;-0.17
01/11/1988;8.72;7.76;0.03;0.05;-0.12;-0.14
01/12/1988;9.11;8.07;0.04;0.04;-0.12;-0.12
01/01/1989;9.2;8.27;0.01;0.02;-0.11;-0.11
01/02/1989;9.32;8.53;0.01;0.03;-0.09;-0.11
01/03/1989;9.61;8.82;0.03;0.03;-0.09;-0.09
01/04/1989;9.4;8.65;-0.02;-0.02;-0.08;-0.09
01/05/1989;8.98;8.43;-0.05;-0.03;-0.06;-0.08
01/06/1989;8.37;8.15;-0.07;-0.03;-0.03;-0.06
01/07/1989;7.83;7.88;-0.07;-0.03;0.01;-0.03
01/08/1989;8.13;7.9;0.04;0;-0.03;-0.02
01/09/1989;8.26;7.75;0.02;-0.02;-0.06;-0.03
01/10/1989;8.02;7.64;-0.03;-0.01;-0.05;-0.05
01/11/1989;7.8;7.69;-0.03;0.01;-0.01;-0.04
01/12/1989;7.77;7.63;0;-0.01;-0.02;-0.03
01/01/1990;8.13;7.64;0.05;0;-0.06;-0.03
01/02/1990;8.39;7.74;0.03;0.01;-0.08;-0.05
01/03/1990;8.63;7.9;0.03;0.02;-0.09;-0.08
01/04/1990;8.78;7.77;0.02;-0.02;-0.12;-0.10
01/05/1990;8.69;7.74;-0.01;0;-0.12;-0.11
01/06/1990;8.4;7.73;-0.03;0;-0.08;-0.11
01/07/1990;8.26;7.62;-0.02;-0.01;-0.08;-0.09
01/08/1990;8.22;7.45;0;-0.02;-0.10;-0.09
01/09/1990;8.27;7.36;0.01;-0.01;-0.12;-0.10
01/10/1990;8.07;7.17;-0.02;-0.03;-0.12;-0.11
01/11/1990;7.74;7.06;-0.04;-0.02;-0.09;-0.11
01/12/1990;7.47;6.74;-0.04;-0.05;-0.10;-0.10
01/01/1991;7.38;6.22;-0.01;-0.08;-0.17;-0.12
01/02/1991;7.08;5.94;-0.04;-0.05;-0.18;-0.15
01/03/1991;7.35;5.91;0.04;-0.01;-0.22;-0.19
01/04/1991;7.23;5.65;-0.02;-0.04;-0.25;-0.21
01/05/1991;7.12;5.46;-0.02;-0.03;-0.27;-0.24
01/06/1991;7.39;5.57;0.04;0.02;-0.28;-0.26
01/07/1991;7.38;5.58;0;0;-0.28;-0.28
01/08/1991;6.8;5.33;-0.08;-0.05;-0.24;-0.27
01/09/1991;6.5;5.22;-0.05;-0.02;-0.22;-0.25
01/10/1991;6.23;4.99;-0.04;-0.05;-0.22;-0.23
01/11/1991;5.9;4.56;-0.05;-0.09;-0.26;-0.23
01/12/1991;5.39;4.07;-0.09;-0.11;-0.28;-0.25
01/01/1992;5.4;3.8;0;-0.07;-0.35;-0.30
01/02/1992;5.72;3.84;0.06;0.01;-0.40;-0.34
01/03/1992;6.18;4.04;0.08;0.05;-0.43;-0.39
01/04/1992;5.93;3.75;-0.04;-0.07;-0.46;-0.43
01/05/1992;5.81;3.63;-0.02;-0.03;-0.47;-0.45
01/06/1992;5.6;3.66;-0.04;0.01;-0.43;-0.45
01/07/1992;4.91;3.21;-0.13;-0.13;-0.43;-0.44
01/08/1992;4.72;3.13;-0.04;-0.03;-0.41;-0.42
01/09/1992;4.42;2.91;-0.07;-0.07;-0.42;-0.42
01/10/1992;4.64;2.86;0.05;-0.02;-0.48;-0.44
01/11/1992;5.14;3.13;0.1;0.09;-0.50;-0.47
01/12/1992;5.21;3.22;0.01;0.03;-0.48;-0.49
01/01/1993;4.93;3;-0.06;-0.07;-0.50;-0.49
01/02/1993;4.58;2.93;-0.07;-0.02;-0.45;-0.47
01/03/1993;4.4;2.95;-0.04;0.01;-0.40;-0.45
01/04/1993;4.3;2.87;-0.02;-0.03;-0.40;-0.42
01/05/1993;4.4;2.96;0.02;0.03;-0.40;-0.40
01/06/1993;4.53;3.07;0.03;0.04;-0.39;-0.40
01/07/1993;4.43;3.04;-0.02;-0.01;-0.38;-0.39
01/08/1993;4.36;3.02;-0.02;-0.01;-0.37;-0.38
01/09/1993;4.17;2.95;-0.04;-0.02;-0.35;-0.36
01/10/1993;4.18;3.02;0;0.02;-0.33;-0.35
01/11/1993;4.5;3.1;0.07;0.03;-0.37;-0.35
01/12/1993;4.54;3.06;0.01;-0.01;-0.39;-0.36
01/01/1994;4.48;2.98;-0.01;-0.03;-0.41;-0.39
01/02/1994;4.83;3.25;0.08;0.09;-0.40;-0.40
01/03/1994;5.4;3.5;0.11;0.07;-0.43;-0.41
01/04/1994;5.99;3.68;0.1;0.05;-0.49;-0.44
01/05/1994;6.34;4.14;0.06;0.12;-0.43;-0.45
01/06/1994;6.27;4.14;-0.01;0;-0.42;-0.44
01/07/1994;6.48;4.33;0.03;0.04;-0.40;-0.41
01/08/1994;6.5;4.48;0;0.03;-0.37;-0.40
01/09/1994;6.69;4.62;0.03;0.03;-0.37;-0.38
01/10/1994;7.04;4.95;0.05;0.07;-0.35;-0.36
01/11/1994;7.44;5.29;0.06;0.07;-0.34;-0.35
01/12/1994;7.71;5.6;0.04;0.06;-0.32;-0.34
01/01/1995;7.66;5.71;-0.01;0.02;-0.29;-0.32
01/02/1995;7.25;5.77;-0.06;0.01;-0.23;-0.28
01/03/1995;6.89;5.73;-0.05;-0.01;-0.18;-0.24
01/04/1995;6.68;5.65;-0.03;-0.01;-0.17;-0.19
01/05/1995;6.27;5.67;-0.06;0;-0.10;-0.15
01/06/1995;5.8;5.47;-0.08;-0.04;-0.06;-0.11
01/07/1995;5.89;5.42;0.02;-0.01;-0.08;-0.08
01/08/1995;6.1;5.4;0.04;0;-0.12;-0.09
01/09/1995;5.89;5.28;-0.04;-0.02;-0.11;-0.10
01/10/1995;5.77;5.28;-0.02;0;-0.09;-0.11
01/11/1995;5.57;5.36;-0.04;0.02;-0.04;-0.08
01/12/1995;5.39;5.14;-0.03;-0.04;-0.05;-0.06
01/01/1996;5.2;5;-0.04;-0.03;-0.04;-0.04
01/02/1996;5.14;4.83;-0.01;-0.03;-0.06;-0.05
01/03/1996;5.79;4.96;0.12;0.03;-0.15;-0.09
01/04/1996;6.11;4.95;0.05;0;-0.21;-0.14
01/05/1996;6.27;5.02;0.03;0.01;-0.22;-0.20
01/06/1996;6.49;5.09;0.03;0.01;-0.24;-0.23
01/07/1996;6.45;5.15;-0.01;0.01;-0.23;-0.23
01/08/1996;6.21;5.05;-0.04;-0.02;-0.21;-0.22
01/09/1996;6.41;5.09;0.03;0.01;-0.23;-0.22
01/10/1996;6.08;4.99;-0.05;-0.02;-0.20;-0.21
01/11/1996;5.82;5.03;-0.04;0.01;-0.15;-0.19
01/12/1996;5.91;4.91;0.02;-0.02;-0.19;-0.18
01/01/1997;6.16;5.03;0.04;0.02;-0.20;-0.18
01/02/1997;6.03;5.01;-0.02;0;-0.19;-0.19
01/03/1997;6.38;5.14;0.06;0.03;-0.22;-0.20
01/04/1997;6.61;5.16;0.04;0;-0.25;-0.22
01/05/1997;6.42;5.05;-0.03;-0.02;-0.24;-0.23
01/06/1997;6.24;4.93;-0.03;-0.02;-0.24;-0.24
01/07/1997;6;5.05;-0.04;0.02;-0.17;-0.22
01/08/1997;6.06;5.14;0.01;0.02;-0.16;-0.19
01/09/1997;5.98;4.95;-0.01;-0.04;-0.19;-0.18
01/10/1997;5.84;4.97;-0.02;0;-0.16;-0.17
01/11/1997;5.76;5.14;-0.01;0.03;-0.11;-0.15
01/12/1997;5.74;5.16;0;0;-0.11;-0.13
01/01/1998;5.38;5.04;-0.06;-0.02;-0.07;-0.10
01/02/1998;5.43;5.09;0.01;0.01;-0.06;-0.08
01/03/1998;5.57;5.03;0.03;-0.01;-0.10;-0.08
01/04/1998;5.58;4.95;0;-0.02;-0.12;-0.10
01/05/1998;5.61;5;0.01;0.01;-0.12;-0.11
01/06/1998;5.52;4.98;-0.02;0;-0.10;-0.11
01/07/1998;5.47;4.96;-0.01;0;-0.10;-0.11
01/08/1998;5.24;4.9;-0.04;-0.01;-0.07;-0.09
01/09/1998;4.62;4.61;-0.13;-0.06;0.00;-0.06
01/10/1998;4.18;3.96;-0.1;-0.15;-0.05;-0.04
01/11/1998;4.57;4.41;0.09;0.11;-0.04;-0.03
01/12/1998;4.48;4.39;-0.02;0;-0.02;-0.04
01/01/1999;4.61;4.34;0.03;-0.01;-0.06;-0.04
01/02/1999;4.9;4.44;0.06;0.02;-0.10;-0.06
01/03/1999;5.11;4.44;0.04;0;-0.14;-0.10
01/04/1999;5.03;4.29;-0.02;-0.03;-0.16;-0.13
01/05/1999;5.33;4.5;0.06;0.05;-0.17;-0.16
01/06/1999;5.7;4.57;0.07;0.02;-0.22;-0.18
01/07/1999;5.62;4.55;-0.01;0;-0.21;-0.20
01/08/1999;5.77;4.72;0.03;0.04;-0.20;-0.21
01/09/1999;5.75;4.68;0;-0.01;-0.21;-0.21
01/10/1999;5.94;4.86;0.03;0.04;-0.20;-0.20
01/11/1999;5.92;5.07;0;0.04;-0.15;-0.19
01/12/1999;6.14;5.2;0.04;0.03;-0.17;-0.17
01/01/2000;6.49;5.32;0.06;0.02;-0.20;-0.17
01/02/2000;6.65;5.55;0.02;0.04;-0.18;-0.18
01/03/2000;6.53;5.69;-0.02;0.02;-0.14;-0.17
01/04/2000;6.36;5.66;-0.03;-0.01;-0.12;-0.15
01/05/2000;6.77;5.79;0.06;0.02;-0.16;-0.14
01/06/2000;6.43;5.69;-0.05;-0.02;-0.12;-0.13
01/07/2000;6.28;5.96;-0.02;0.05;-0.05;-0.11
01/08/2000;6.17;6.09;-0.02;0.02;-0.01;-0.06
01/09/2000;6.02;6;-0.02;-0.01;0.00;-0.02
01/10/2000;5.85;6.11;-0.03;0.02;0.04;0.01
01/11/2000;5.79;6.17;-0.01;0.01;0.06;0.03
01/12/2000;5.26;5.77;-0.1;-0.07;0.09;0.07
01/01/2001;4.77;5.15;-0.1;-0.11;0.08;0.08
01/02/2001;4.71;4.88;-0.01;-0.05;0.04;0.07
01/03/2001;4.43;4.42;-0.06;-0.1;0.00;0.04
01/04/2001;4.42;3.87;0;-0.13;-0.13;-0.03
01/05/2001;4.51;3.62;0.02;-0.07;-0.22;-0.12
01/06/2001;4.35;3.49;-0.04;-0.04;-0.22;-0.19
01/07/2001;4.31;3.51;-0.01;0.01;-0.21;-0.22
01/08/2001;4.04;3.36;-0.06;-0.04;-0.18;-0.20
01/09/2001;3.45;2.64;-0.16;-0.24;-0.27;-0.22
01/10/2001;3.14;2.16;-0.09;-0.2;-0.37;-0.28
01/11/2001;3.22;1.87;0.03;-0.14;-0.54;-0.40
01/12/2001;3.62;1.69;0.12;-0.1;-0.76;-0.56
01/01/2002;3.56;1.65;-0.02;-0.02;-0.77;-0.69
01/02/2002;3.55;1.72;0;0.04;-0.72;-0.75
01/03/2002;4.14;1.79;0.15;0.04;-0.84;-0.78
01/04/2002;4.01;1.71;-0.03;-0.05;-0.85;-0.81
01/05/2002;3.8;1.73;-0.05;0.01;-0.79;-0.83
01/06/2002;3.49;1.7;-0.09;-0.02;-0.72;-0.79
01/07/2002;3.01;1.68;-0.15;-0.01;-0.58;-0.70
01/08/2002;2.52;1.62;-0.18;-0.04;-0.44;-0.58
01/09/2002;2.32;1.63;-0.08;0.01;-0.35;-0.46
01/10/2002;2.25;1.58;-0.03;-0.03;-0.35;-0.38
01/11/2002;2.32;1.23;0.03;-0.25;-0.63;-0.45
01/12/2002;2.23;1.19;-0.04;-0.03;-0.63;-0.54
01/01/2003;2.18;1.17;-0.02;-0.02;-0.62;-0.63
01/02/2003;2.05;1.17;-0.06;0;-0.56;-0.60
01/03/2003;1.98;1.13;-0.03;-0.03;-0.56;-0.58
01/04/2003;2.06;1.13;0.04;0;-0.60;-0.57
01/05/2003;1.75;1.07;-0.16;-0.05;-0.49;-0.55
01/06/2003;1.51;0.92;-0.15;-0.15;-0.50;-0.53
01/07/2003;1.93;0.9;0.25;-0.02;-0.76;-0.58
01/08/2003;2.44;0.95;0.23;0.05;-0.94;-0.73
01/09/2003;2.23;0.94;-0.09;-0.01;-0.86;-0.86
01/10/2003;2.26;0.92;0.01;-0.02;-0.90;-0.90
01/11/2003;2.45;0.93;0.08;0.01;-0.97;-0.91
01/12/2003;2.44;0.9;0;-0.03;-1.00;-0.95
01/01/2004;2.27;0.88;-0.07;-0.02;-0.95;-0.97
01/02/2004;2.25;0.93;-0.01;0.06;-0.88;-0.94
01/03/2004;2;0.94;-0.12;0.01;-0.76;-0.86
01/04/2004;2.57;0.94;0.25;0;-1.01;-0.88
01/05/2004;3.1;1.02;0.19;0.08;-1.11;-0.96
01/06/2004;3.26;1.27;0.05;0.22;-0.94;-1.02
01/07/2004;3.05;1.33;-0.07;0.05;-0.83;-0.96
01/08/2004;2.88;1.48;-0.06;0.11;-0.67;-0.81
01/09/2004;2.83;1.65;-0.02;0.11;-0.54;-0.68
01/10/2004;2.85;1.76;0.01;0.06;-0.48;-0.56
01/11/2004;3.09;2.07;0.08;0.16;-0.40;-0.47
01/12/2004;3.21;2.19;0.04;0.06;-0.38;-0.42
01/01/2005;3.39;2.33;0.05;0.06;-0.37;-0.39
01/02/2005;3.54;2.54;0.04;0.09;-0.33;-0.36
01/03/2005;3.91;2.74;0.1;0.08;-0.36;-0.35
01/04/2005;3.79;2.78;-0.03;0.01;-0.31;-0.33
01/05/2005;3.72;2.84;-0.02;0.02;-0.27;-0.31
01/06/2005;3.69;2.97;-0.01;0.04;-0.22;-0.27
01/07/2005;3.91;3.22;0.06;0.08;-0.19;-0.23
01/08/2005;4.08;3.44;0.04;0.07;-0.17;-0.19
01/09/2005;3.96;3.42;-0.03;-0.01;-0.15;-0.17
01/10/2005;4.29;3.71;0.08;0.08;-0.15;-0.15
01/11/2005;4.43;3.88;0.03;0.04;-0.13;-0.14
01/12/2005;4.39;3.89;-0.01;0;-0.12;-0.13
01/01/2006;4.35;4.24;-0.01;0.09;-0.03;-0.09
01/02/2006;4.64;4.43;0.06;0.04;-0.05;-0.06
01/03/2006;4.74;4.51;0.02;0.02;-0.05;-0.04
01/04/2006;4.89;4.6;0.03;0.02;-0.06;-0.05
01/05/2006;4.97;4.72;0.02;0.03;-0.05;-0.05
01/06/2006;5.09;4.79;0.02;0.01;-0.06;-0.06
01/07/2006;5.07;4.95;0;0.03;-0.02;-0.05
01/08/2006;4.85;4.96;-0.04;0;0.02;-0.02
01/09/2006;4.69;4.81;-0.03;-0.03;0.03;0.01
01/10/2006;4.72;4.92;0.01;0.02;0.04;0.03
01/11/2006;4.64;4.94;-0.02;0;0.06;0.04
01/12/2006;4.58;4.85;-0.01;-0.02;0.06;0.05
01/01/2007;4.79;4.98;0.04;0.03;0.04;0.05
01/02/2007;4.75;5.03;-0.01;0.01;0.06;0.05
01/03/2007;4.51;4.94;-0.05;-0.02;0.09;0.06
01/04/2007;4.6;4.87;0.02;-0.01;0.06;0.07
01/05/2007;4.69;4.73;0.02;-0.03;0.01;0.05
01/06/2007;5;4.61;0.06;-0.03;-0.08;-0.01
01/07/2007;4.82;4.82;-0.04;0.04;0.00;-0.02
01/08/2007;4.34;4.2;-0.1;-0.14;-0.03;-0.04
01/09/2007;4.06;3.89;-0.07;-0.08;-0.04;-0.03
01/10/2007;4.01;3.9;-0.01;0;-0.03;-0.03
01/11/2007;3.35;3.27;-0.18;-0.18;-0.02;-0.03
01/12/2007;3.13;3;-0.07;-0.09;-0.04;-0.03
01/01/2008;2.51;2.75;-0.22;-0.09;0.09;0.01
01/02/2008;2.19;2.12;-0.14;-0.26;-0.03;0.01
01/03/2008;1.8;1.26;-0.2;-0.52;-0.36;-0.10
01/04/2008;2.23;1.29;0.21;0.02;-0.55;-0.31
01/05/2008;2.69;1.73;0.19;0.29;-0.44;-0.45
01/06/2008;3.08;1.86;0.14;0.07;-0.50;-0.50
01/07/2008;2.87;1.63;-0.07;-0.13;-0.57;-0.50
01/08/2008;2.7;1.72;-0.06;0.05;-0.45;-0.51
01/09/2008;2.32;1.13;-0.15;-0.42;-0.72;-0.58
01/10/2008;1.86;0.67;-0.22;-0.52;-1.02;-0.73
01/11/2008;1.51;0.19;-0.21;-1.26;-2.07;-1.27
01/12/2008;1.07;0.03;-0.34;-1.85;-3.57;-2.22
01/01/2009;1.13;0.13;0.05;1.47;-2.16;-2.60
01/02/2009;1.37;0.3;0.19;0.84;-1.52;-2.42
01/03/2009;1.31;0.21;-0.04;-0.36;-1.83;-1.84
01/04/2009;1.32;0.16;0.01;-0.27;-2.11;-1.82
01/05/2009;1.39;0.18;0.05;0.12;-2.04;-1.99
01/06/2009;1.76;0.18;0.24;0;-2.28;-2.14
01/07/2009;1.55;0.18;-0.13;0;-2.15;-2.16
01/08/2009;1.65;0.17;0.06;-0.06;-2.27;-2.24
01/09/2009;1.48;0.12;-0.11;-0.35;-2.51;-2.31
01/10/2009;1.46;0.07;-0.01;-0.54;-3.04;-2.61
01/11/2009;1.32;0.05;-0.1;-0.34;-3.27;-2.94
01/12/2009;1.38;0.05;0.04;0;-3.32;-3.21
01/01/2010;1.49;0.06;0.08;0.18;-3.21;-3.27
01/02/2010;1.4;0.11;-0.06;0.61;-2.54;-3.02
01/03/2010;1.51;0.15;0.08;0.31;-2.31;-2.69
01/04/2010;1.64;0.16;0.08;0.06;-2.33;-2.39
01/05/2010;1.32;0.16;-0.22;0;-2.11;-2.25
01/06/2010;1.17;0.12;-0.12;-0.29;-2.28;-2.24
01/07/2010;0.98;0.16;-0.18;0.29;-1.81;-2.07
01/08/2010;0.78;0.16;-0.23;0;-1.58;-1.89
01/09/2010;0.74;0.15;-0.05;-0.06;-1.60;-1.66
01/10/2010;0.57;0.13;-0.26;-0.14;-1.48;-1.55
01/11/2010;0.67;0.14;0.16;0.07;-1.57;-1.55
01/12/2010;0.99;0.14;0.39;0;-1.96;-1.67
01/01/2011;1.03;0.15;0.04;0.07;-1.93;-1.82
01/02/2011;1.28;0.13;0.22;-0.14;-2.29;-2.06
01/03/2011;1.17;0.1;-0.09;-0.26;-2.46;-2.22
01/04/2011;1.21;0.06;0.03;-0.51;-3.00;-2.58
01/05/2011;0.94;0.04;-0.25;-0.41;-3.16;-2.87
01/06/2011;0.71;0.04;-0.28;0;-2.88;-3.01
01/07/2011;0.68;0.04;-0.04;0;-2.83;-2.96
01/08/2011;0.38;0.02;-0.58;-0.69;-2.94;-2.88
01/09/2011;0.35;0.01;-0.08;-0.69;-3.56;-3.11
01/10/2011;0.47;0.02;0.29;0.69;-3.16;-3.22
01/11/2011;0.39;0.01;-0.19;-0.69;-3.66;-3.46
01/12/2011;0.39;0.01;0;0;-3.66;-3.49
01/01/2012;0.36;0.03;-0.08;1.1;-2.48;-3.27
01/02/2012;0.38;0.09;0.05;1.1;-1.44;-2.53
01/03/2012;0.51;0.08;0.29;-0.12;-1.85;-1.93
01/04/2012;0.43;0.08;-0.17;0;-1.68;-1.66
01/05/2012;0.39;0.09;-0.1;0.12;-1.47;-1.67
01/06/2012;0.39;0.09;0;0;-1.47;-1.54
01/07/2012;0.33;0.1;-0.17;0.11;-1.19;-1.38
01/08/2012;0.37;0.1;0.11;0;-1.31;-1.32
01/09/2012;0.34;0.11;-0.08;0.1;-1.13;-1.21
01/10/2012;0.37;0.1;0.08;-0.1;-1.31;-1.25
01/11/2012;0.36;0.09;-0.03;-0.11;-1.39;-1.27
01/12/2012;0.35;0.07;-0.03;-0.25;-1.61;-1.43
01/01/2013;0.39;0.07;0.11;0;-1.72;-1.57
01/02/2013;0.4;0.1;0.03;0.36;-1.39;-1.57
01/03/2013;0.39;0.09;-0.03;-0.11;-1.47;-1.52
01/04/2013;0.34;0.06;-0.14;-0.41;-1.73;-1.53
01/05/2013;0.4;0.04;0.16;-0.41;-2.30;-1.83
01/06/2013;0.58;0.05;0.37;0.22;-2.45;-2.16
01/07/2013;0.64;0.04;0.1;-0.22;-2.77;-2.51
01/08/2013;0.7;0.04;0.09;0;-2.86;-2.70
01/09/2013;0.78;0.02;0.11;-0.69;-3.66;-3.10
01/10/2013;0.63;0.05;-0.21;0.92;-2.53;-3.02
01/11/2013;0.58;0.07;-0.08;0.34;-2.11;-2.77
01/12/2013;0.69;0.07;0.17;0;-2.29;-2.31
01/01/2014;0.78;0.04;0.12;-0.56;-2.97;-2.46
01/02/2014;0.69;0.05;-0.12;0.22;-2.62;-2.63
01/03/2014;0.82;0.05;0.17;0;-2.80;-2.80
01/04/2014;0.88;0.03;0.07;-0.51;-3.38;-2.93
01/05/2014;0.83;0.03;-0.06;0;-3.32;-3.17
01/06/2014;0.9;0.04;0.08;0.29;-3.11;-3.27
01/07/2014;0.97;0.03;0.07;-0.29;-3.48;-3.30
01/08/2014;0.93;0.03;-0.04;0;-3.43;-3.34
01/09/2014;1.05;0.02;0.12;-0.41;-3.96;-3.62
01/10/2014;0.88;0.02;-0.18;0;-3.78;-3.73
01/11/2014;0.96;0.02;0.09;0;-3.87;-3.87
01/12/2014;1.06;0.03;0.1;0.41;-3.56;-3.74
01/01/2015;0.9;0.03;-0.16;0;-3.40;-3.61
01/02/2015;0.99;0.02;0.1;-0.41;-3.90;-3.62
01/03/2015;1.02;0.03;0.03;0.41;-3.53;-3.61
01/04/2015;0.87;0.02;-0.16;-0.41;-3.77;-3.73
01/05/2015;0.98;0.02;0.12;0;-3.89;-3.73
01/06/2015;1.07;0.02;0.09;0;-3.98;-3.88
01/07/2015;1.03;0.03;-0.04;0.41;-3.54;-3.80
01/08/2015;1.03;0.07;0;0.85;-2.69;-3.40
01/09/2015;1.01;0.02;-0.02;-1.25;-3.92;-3.38
01/10/2015;0.93;0.02;-0.08;0;-3.84;-3.48
01/11/2015;1.2;0.12;0.25;1.79;-2.30;-3.35
01/12/2015;1.28;0.23;0.06;0.65;-1.72;-2.62
01/01/2016;1.14;0.26;-0.12;0.12;-1.48;-1.83
01/02/2016;0.9;0.31;-0.24;0.18;-1.07;-1.42
01/03/2016;1.04;0.29;0.14;-0.07;-1.28;-1.27
01/04/2016;0.92;0.23;-0.12;-0.23;-1.39;-1.24
01/05/2016;0.97;0.27;0.05;0.16;-1.28;-1.31
01/06/2016;0.86;0.27;-0.12;0;-1.16;-1.27
01/07/2016;0.79;0.3;-0.08;0.11;-0.97;-1.14
01/08/2016;0.85;0.3;0.07;0;-1.04;-1.06
01/09/2016;0.9;0.29;0.06;-0.03;-1.13;-1.05
01/10/2016;0.99;0.33;0.1;0.13;-1.10;-1.09
01/11/2016;1.22;0.45;0.21;0.31;-1.00;-1.08
01/12/2016;1.49;0.51;0.2;0.13;-1.07;-1.06
01/01/2017;1.48;0.51;-0.01;0;-1.07;-1.04
01/02/2017;1.47;0.52;-0.01;0.02;-1.04;-1.06
01/03/2017;1.59;0.74;0.08;0.35;-0.76;-0.96
01/04/2017;1.44;0.8;-0.1;0.08;-0.59;-0.80
01/05/2017;1.48;0.89;0.03;0.11;-0.51;-0.62
01/06/2017;1.49;0.98;0.01;0.1;-0.42;-0.51
01/07/2017;1.54;1.07;0.03;0.09;-0.36;-0.43
01/08/2017;1.48;1.01;-0.04;-0.06;-0.38;-0.39
01/09/2017;1.51;1.03;0.02;0.02;-0.38;-0.38
01/10/2017;1.68;1.07;0.11;0.04;-0.45;-0.41
01/11/2017;1.81;1.23;0.07;0.14;-0.39;-0.41
01/12/2017;1.96;1.32;0.08;0.07;-0.40;-0.41
01/01/2018;2.15;1.41;0.09;0.07;-0.42;-0.40
01/02/2018;2.36;1.57;0.09;0.11;-0.41;-0.41
01/03/2018;2.42;1.7;0.03;0.08;-0.35;-0.39
01/04/2018;2.52;1.76;0.04;0.03;-0.36;-0.37
01/05/2018;2.66;1.86;0.05;0.06;-0.36;-0.36
01/06/2018;2.65;1.9;0;0.02;-0.33;-0.35
01/07/2018;2.7;1.96;0.02;0.03;-0.32;-0.34
01/08/2018;2.71;2.03;0;0.04;-0.29;-0.31
01/09/2018;2.84;2.13;0.05;0.05;-0.29;-0.30
01/10/2018;2.94;2.25;0.03;0.05;-0.27;-0.28
01/11/2018;2.91;2.33;-0.01;0.03;-0.22;-0.26
01/12/2018;2.67;2.37;-0.09;0.02;-0.12;-0.20
01/01/2019;2.52;2.37;-0.06;0;-0.06;-0.13
01/02/2019;2.48;2.39;-0.02;0.01;-0.04;-0.07
01/03/2019;2.37;2.4;-0.05;0;0.01;-0.03
01/04/2019;2.31;2.38;-0.03;-0.01;0.03;0.00
01/05/2019;2.16;2.35;-0.07;-0.01;0.08;0.04
01/06/2019;1.78;2.17;-0.19;-0.08;0.20;0.10
01/07/2019;1.8;2.1;0.01;-0.03;0.15;0.15
01/08/2019;1.51;1.95;-0.18;-0.07;0.26;0.20
01/09/2019;1.59;1.89;0.05;-0.03;0.17;0.19
01/10/2019;1.53;1.65;-0.04;-0.14;0.08;0.17
01/11/2019;1.61;1.54;0.05;-0.07;-0.04;0.07
01/12/2019;1.63;1.54;0.01;0;-0.06;-0.01
01/01/2020;1.52;1.52;-0.07;-0.01;0.00;-0.03
01/02/2020;1.31;1.52;-0.15;0;0.15;0.03
01/03/2020;0.5;0.29;-0.96;-1.66;-0.54;-0.13
01/04/2020;0.28;0.14;-0.58;-0.73;-0.69;-0.36
01/05/2020;0.22;0.13;-0.24;-0.07;-0.53;-0.59
01/06/2020;0.22;0.16;0;0.21;-0.32;-0.51
01/07/2020;0.17;0.13;-0.26;-0.21;-0.27;-0.37
01/08/2020;0.16;0.1;-0.06;-0.26;-0.47;-0.35
01/09/2020;0.16;0.11;0;0.1;-0.37;-0.37
01/10/2020;0.19;0.1;0.17;-0.1;-0.64;-0.50
01/11/2020;0.22;0.09;0.15;-0.11;-0.89;-0.64
01/12/2020;0.19;0.09;-0.15;0;-0.75;-0.76
01/01/2021;0.2;0.08;0.05;-0.12;-0.92;-0.85
01/02/2021;0.21;0.04;0.05;-0.69;-1.66;-1.11
01/03/2021;0.32;0.03;0.42;-0.29;-2.37;-1.65
01/04/2021;0.35;0.02;0.09;-0.41;-2.86;-2.30
01/05/2021;0.32;0.02;-0.09;0;-2.77;-2.67
01/06/2021;0.39;0.04;0.2;0.69;-2.28;-2.64
01/07/2021;0.4;0.05;0.03;0.22;-2.08;-2.38
01/08/2021;0.42;0.05;0.05;0;-2.13;-2.16
01/09/2021;0.47;0.04;0.11;-0.22;-2.46;-2.22
01/10/2021;0.67;0.05;0.35;0.22;-2.60;-2.40
01/11/2021;0.82;0.05;0.2;0;-2.80;-2.62
01/12/2021;0.95;0.06;0.15;0.18;-2.76;-2.72
01/01/2022;1.25;0.15;0.27;0.92;-2.12;-2.56
01/02/2022;1.65;0.33;0.28;0.79;-1.61;-2.16
01/03/2022;2.09;0.44;0.24;0.29;-1.56;-1.76
01/04/2022;2.72;0.76;0.26;0.55;-1.28;-1.48
01/05/2022;2.79;0.98;0.03;0.25;-1.05;-1.29
01/06/2022;3.15;1.49;0.12;0.42;-0.75;-1.02
01/07/2022;3.03;2.23;-0.04;0.4;-0.31;-0.70
01/08/2022;3.23;2.63;0.06;0.16;-0.21;-0.42
01/09/2022;3.88;3.13;0.18;0.17;-0.21;-0.24
